ID,Title,Content,Short Description,Date,Post Type,Permalink,Parent Product ID,Sku,Price,Regular Price,Sale Price,Stock Status,Stock,External Product URL,Total Sales,Shipping Class,Image URL,Image Title,Image Caption,Image Description,Image Alt Text,Image Featured,Attachment URL,Brands,Product Type,Tags,Product categories,Product tags,Product Visibility,Status,Author ID,Author Username,Author Email,Author First Name,Author Last Name,Slug,Format,Template,Parent Slug,Order,Comment Status,Ping Status,Post Modified Date,Downloadable,Virtual,Purchase Note,Featured,Weight,Length,Width,Height,Sale Price Dates From,Sale Price Dates To,Sold Individually,Manage Stock,Up-Sells,Cross-Sells,Downloadable Files Paths,Downloadable Files Names,Download Limit,Download Expiry,Download Type,Button Text,Backorders,Tax Status,Tax Class,Product Image Gallery,Default Attributes,Product Attributes,Product Version,Variation Description,Wc Rating Count,Wc Review Count,Wc Average Rating,_ced_shopee_listing_id_52545419
16121,Smart Check Writer - Check Printer Accounting Tool for Printing Cheques and Vouchers C1,"Smart Check Writer is designed to <strong>easily prepare</strong> and <strong>minimize errors</strong> in issuing checks. It has a feature that automatically converts <strong>Amount in Figures into Words</strong>. Users can automatically generate <strong>check vouchers</strong> while preparing checks. It also includes accounting features like <strong>generating reports</strong> of issued checks based on the transaction type you specified.

<strong>--- FEATURES AND FUNCTIONS ---</strong>
⚡ Easy to use
⚡ Converts Amount in Figures into Words
⚡ Generates Check Voucher Automatically
⚡ Check Layout Designer
⚡ Track Expense – Accounting
⚡ Generates Many Reports
⚡ Compatible with All Banks
⚡ Supports Multiple Currencies
⚡ Supports All Kinds of Printers
⚡ Smart Check Writer uses SQL Data for data security and stability

<strong>--- BENEFITS ---</strong>
✔ Avoids Hand Writing Mistake
✔ Track your Transactions
✔ Recording Expenses in Real Time
✔ Very Low Price - Sponsored Version
✔ Comply PCHC &amp; BSP
✔ Applicable for Industry / Business

For more information, please visit the following links from our website:
• About our software ➤ https://smartoffice.com.ph/product/smart-checker
• User Guide ➤ https://smartoffice.com.ph/user-guide
• Videos ➤ https://smartoffice.com.ph/product-videos
• FAQ ➤ https://smartoffice.com.ph/faq-2

<strong>--- COMMON FAQs ---</strong>
Q: What printer is compatible?
A: Any printer will work. But check first if your printer can print Bank Check size (3in x 7in)

Q: Does this software work on Mac or Linux?
A: NO. This only works on Windows 7 &amp; Windows 10

Q: What is your License Policy?
A: 1 license per 1 computer. It cannot be transferred to another computer. If you want to activate another computer, buy another license.",,6/29/2021,product,https://reseller.com.ph/product/smart-check-writer-check-printer-accounting-tool-for-printing-cheques-and-vouchers-c1/,0,779081,1500,1500,,instock,67,,0,,https://reseller.com.ph/wp-content/uploads/2021/06/Smart-Check-Writer_main-image.jpg|https://reseller.com.ph/wp-content/uploads/2021/06/Smart-Check-Writer_sub-image_1.jpg|https://reseller.com.ph/wp-content/uploads/2021/06/Smart-Check-Writer_sub-image_2.jpg|https://reseller.com.ph/wp-content/uploads/2021/06/Smart-Check-Writer_sub-image_3.png|https://reseller.com.ph/wp-content/uploads/2021/06/Smart-Check-Writer_sub-image_4.jpg,Smart Check Writer_main image|Smart Check Writer_sub image_1|Smart Check Writer_sub image_2|Smart Check Writer_sub image_3|Smart Check Writer_sub image_4,||||,||||,||||,https://reseller.com.ph/wp-content/uploads/2021/06/Smart-Check-Writer_main-image.jpg,,,simple,,5 Software,,,publish,1,reselleradmin,admin@reseller.com.ph,,,smart-check-writer-check-printer-accounting-tool-for-printing-cheques-and-vouchers-c1,,,0,0,open,closed,6/29/2021,no,no,,no,0.1,1,1,1,,,no,yes,,,,,'-1,'-1,,,no,taxable,standard,"16,117,161,181,611,900,000",,,3.9.2,,,0,0,9372525737
16122,Smart Check Writer - Check Printer Accounting Tool for Printing Cheques and Vouchers C2,"Smart Check Writer is designed to <strong>easily prepare</strong> and <strong>minimize errors</strong> in issuing checks. It has a feature that automatically converts <strong>Amount in Figures into Words</strong>. Users can automatically generate <strong>check vouchers</strong> while preparing checks. It also includes accounting features like <strong>generating reports</strong> of issued checks based on the transaction type you specified.

<strong>--- FEATURES AND FUNCTIONS ---</strong>
⚡ Easy to use
⚡ Converts Amount in Figures into Words
⚡ Generates Check Voucher Automatically
⚡ Check Layout Designer
⚡ Track Expense – Accounting
⚡ Generates Many Reports
⚡ Compatible with All Banks
⚡ Supports Multiple Currencies
⚡ Supports All Kinds of Printers
⚡ Smart Check Writer uses SQL Data for data security and stability

<strong>--- BENEFITS ---</strong>
✔ Avoids Hand Writing Mistake
✔ Track your Transactions
✔ Recording Expenses in Real Time
✔ Very Low Price - Sponsored Version
✔ Comply PCHC &amp; BSP
✔ Applicable for Industry / Business

For more information, please visit the following links from our website:
• About our software ➤ https://smartoffice.com.ph/product/smart-checker
• User Guide ➤ https://smartoffice.com.ph/user-guide
• Videos ➤ https://smartoffice.com.ph/product-videos
• FAQ ➤ https://smartoffice.com.ph/faq-2

<strong>--- COMMON FAQs ---</strong>
Q: What printer is compatible?
A: Any printer will work. But check first if your printer can print Bank Check size (3in x 7in)

Q: Does this software work on Mac or Linux?
A: NO. This only works on Windows 7 &amp; Windows 10

Q: What is your License Policy?
A: 1 license per 1 computer. It cannot be transferred to another computer. If you want to activate another computer, buy another license.

&nbsp;

한국명함판매",,6/29/2021,product,https://reseller.com.ph/product/smart-check-writer-check-printer-accounting-tool-for-printing-cheques-and-vouchers-c2/,0,779081,1500,1500,,instock,67,,0,,https://reseller.com.ph/wp-content/uploads/2021/06/Smart-Check-Writer_main-image.jpg|https://reseller.com.ph/wp-content/uploads/2021/06/Smart-Check-Writer_sub-image_1.jpg|https://reseller.com.ph/wp-content/uploads/2021/06/Smart-Check-Writer_sub-image_2.jpg|https://reseller.com.ph/wp-content/uploads/2021/06/Smart-Check-Writer_sub-image_3.png|https://reseller.com.ph/wp-content/uploads/2021/06/Smart-Check-Writer_sub-image_4.jpg,Smart Check Writer_main image|Smart Check Writer_sub image_1|Smart Check Writer_sub image_2|Smart Check Writer_sub image_3|Smart Check Writer_sub image_4,||||,||||,||||,https://reseller.com.ph/wp-content/uploads/2021/06/Smart-Check-Writer_main-image.jpg,,,simple,,5 Software,,,publish,1,reselleradmin,admin@reseller.com.ph,,,smart-check-writer-check-printer-accounting-tool-for-printing-cheques-and-vouchers-c2,,,0,0,open,closed,6/29/2021,no,no,,no,0.1,1,1,1,,,no,yes,,,,,'-1,'-1,,,no,taxable,standard,"16,117,161,181,611,900,000",,,3.9.2,,,0,0,10314881577
16123,Smart Check Writer - Check Printer Accounting Tool for Printing Cheques and Vouchers C3,"Smart Check Writer is designed to <strong>easily prepare</strong> and <strong>minimize errors</strong> in issuing checks. It has a feature that automatically converts <strong>Amount in Figures into Words</strong>. Users can automatically generate <strong>check vouchers</strong> while preparing checks. It also includes accounting features like <strong>generating reports</strong> of issued checks based on the transaction type you specified.

<strong>--- FEATURES AND FUNCTIONS ---</strong>
⚡ Easy to use
⚡ Converts Amount in Figures into Words
⚡ Generates Check Voucher Automatically
⚡ Check Layout Designer
⚡ Track Expense – Accounting
⚡ Generates Many Reports
⚡ Compatible with All Banks
⚡ Supports Multiple Currencies
⚡ Supports All Kinds of Printers
⚡ Smart Check Writer uses SQL Data for data security and stability

<strong>--- BENEFITS ---</strong>
✔ Avoids Hand Writing Mistake
✔ Track your Transactions
✔ Recording Expenses in Real Time
✔ Very Low Price - Sponsored Version
✔ Comply PCHC &amp; BSP
✔ Applicable for Industry / Business


<strong>--- COMMON FAQs ---</strong>
Q: What printer is compatible?
A: Any printer will work. But check first if your printer can print Bank Check size (3in x 7in)

Q: Does this software work on Mac or Linux?
A: NO. This only works on Windows 7 &amp; Windows 10

Q: What is your License Policy?
A: 1 license per 1 computer. It cannot be transferred to another computer. If you want to activate another computer, buy another license.",,6/29/2021,product,https://reseller.com.ph/product/smart-check-writer-check-printer-accounting-tool-for-printing-cheques-and-vouchers-c3/,0,779081,1500,1500,,instock,67,,0,,https://reseller.com.ph/wp-content/uploads/2021/06/Smart-Check-Writer_main-image.jpg|https://reseller.com.ph/wp-content/uploads/2021/06/Smart-Check-Writer_sub-image_1.jpg|https://reseller.com.ph/wp-content/uploads/2021/06/Smart-Check-Writer_sub-image_2.jpg|https://reseller.com.ph/wp-content/uploads/2021/06/Smart-Check-Writer_sub-image_3.png|https://reseller.com.ph/wp-content/uploads/2021/06/Smart-Check-Writer_sub-image_4.jpg,Smart Check Writer_main image|Smart Check Writer_sub image_1|Smart Check Writer_sub image_2|Smart Check Writer_sub image_3|Smart Check Writer_sub image_4,||||,||||,||||,https://reseller.com.ph/wp-content/uploads/2021/06/Smart-Check-Writer_main-image.jpg,https://reseller.com.ph/wp-content/uploads/2021/06/big_buck_bunny_720p_2mb.mp4,,simple,,5 Software,,,publish,1,reselleradmin,admin@reseller.com.ph,,,smart-check-writer-check-printer-accounting-tool-for-printing-cheques-and-vouchers-c3,,,0,0,open,closed,6/29/2021,no,no,,no,0.1,1,1,1,,,no,yes,,,,,'-1,'-1,,,no,taxable,standard,"16,117,161,181,611,900,000",,,3.9.2,,,0,0,10114935925
16124,Smart Check Writer - Check Printer Accounting Tool for Printing Cheques and Vouchers C4,"Smart Check Writer is designed to <strong>easily prepare</strong> and <strong>minimize errors</strong> in issuing checks. It has a feature that automatically converts <strong>Amount in Figures into Words</strong>. Users can automatically generate <strong>check vouchers</strong> while preparing checks. It also includes accounting features like <strong>generating reports</strong> of issued checks based on the transaction type you specified.

<strong>--- FEATURES AND FUNCTIONS ---</strong>
⚡ Easy to use
⚡ Converts Amount in Figures into Words
⚡ Generates Check Voucher Automatically
⚡ Check Layout Designer
⚡ Track Expense – Accounting
⚡ Generates Many Reports
⚡ Compatible with All Banks
⚡ Supports Multiple Currencies
⚡ Supports All Kinds of Printers
⚡ Smart Check Writer uses SQL Data for data security and stability

<strong>--- BENEFITS ---</strong>
✔ Avoids Hand Writing Mistake
✔ Track your Transactions
✔ Recording Expenses in Real Time
✔ Very Low Price - Sponsored Version
✔ Comply PCHC &amp; BSP
✔ Applicable for Industry / Business

For more information, please visit the following links from our website:
• About our software ➤ https://smartoffice.com.ph/product/smart-checker
• User Guide ➤ https://smartoffice.com.ph/user-guide
• Videos ➤ https://smartoffice.com.ph/product-videos
• FAQ ➤ https://smartoffice.com.ph/faq-2

<strong>--- COMMON FAQs ---</strong>
Q: What printer is compatible?
A: Any printer will work. But check first if your printer can print Bank Check size (3in x 7in)

Q: Does this software work on Mac or Linux?
A: NO. This only works on Windows 7 &amp; Windows 10

Q: What is your License Policy?
A: 1 license per 1 computer. It cannot be transferred to another computer. If you want to activate another computer, buy another license.",,6/29/2021,product,https://reseller.com.ph/product/smart-check-writer-check-printer-accounting-tool-for-printing-cheques-and-vouchers-c4/,0,779081,1500,1500,,instock,67,,0,,https://reseller.com.ph/wp-content/uploads/2021/06/Smart-Check-Writer_main-image.jpg|https://reseller.com.ph/wp-content/uploads/2021/06/Smart-Check-Writer_sub-image_1.jpg|https://reseller.com.ph/wp-content/uploads/2021/06/Smart-Check-Writer_sub-image_2.jpg|https://reseller.com.ph/wp-content/uploads/2021/06/Smart-Check-Writer_sub-image_3.png|https://reseller.com.ph/wp-content/uploads/2021/06/Smart-Check-Writer_sub-image_4.jpg,Smart Check Writer_main image|Smart Check Writer_sub image_1|Smart Check Writer_sub image_2|Smart Check Writer_sub image_3|Smart Check Writer_sub image_4,||||,||||,||||,https://reseller.com.ph/wp-content/uploads/2021/06/Smart-Check-Writer_main-image.jpg,,,simple,,5 Software,,,publish,1,reselleradmin,admin@reseller.com.ph,,,smart-check-writer-check-printer-accounting-tool-for-printing-cheques-and-vouchers-c4,,,0,0,open,closed,6/29/2021,no,no,,no,0.1,1,1,1,,,no,yes,,,,,'-1,'-1,,,no,taxable,standard,"16,117,161,181,611,900,000",,,3.9.2,,,0,0,10414881659
16125,Smart Check Writer - Check Printer Accounting Tool for Printing Cheques and Vouchers C5,"Smart Check Writer is designed to <strong>easily prepare</strong> and <strong>minimize errors</strong> in issuing checks. It has a feature that automatically converts <strong>Amount in Figures into Words</strong>. Users can automatically generate <strong>check vouchers</strong> while preparing checks. It also includes accounting features like <strong>generating reports</strong> of issued checks based on the transaction type you specified.

<strong>--- FEATURES AND FUNCTIONS ---</strong>
⚡ Easy to use
⚡ Converts Amount in Figures into Words
⚡ Generates Check Voucher Automatically
⚡ Check Layout Designer
⚡ Track Expense – Accounting
⚡ Generates Many Reports
⚡ Compatible with All Banks
⚡ Supports Multiple Currencies
⚡ Supports All Kinds of Printers
⚡ Smart Check Writer uses SQL Data for data security and stability

<strong>--- BENEFITS ---</strong>
✔ Avoids Hand Writing Mistake
✔ Track your Transactions
✔ Recording Expenses in Real Time
✔ Very Low Price - Sponsored Version
✔ Comply PCHC &amp; BSP
✔ Applicable for Industry / Business

For more information, please visit the following links from our website:
• About our software ➤ https://smartoffice.com.ph/product/smart-checker
• User Guide ➤ https://smartoffice.com.ph/user-guide
• Videos ➤ https://smartoffice.com.ph/product-videos
• FAQ ➤ https://smartoffice.com.ph/faq-2

<strong>--- COMMON FAQs ---</strong>
Q: What printer is compatible?
A: Any printer will work. But check first if your printer can print Bank Check size (3in x 7in)

Q: Does this software work on Mac or Linux?
A: NO. This only works on Windows 7 &amp; Windows 10

Q: What is your License Policy?
A: 1 license per 1 computer. It cannot be transferred to another computer. If you want to activate another computer, buy another license.",,6/29/2021,product,https://reseller.com.ph/product/smart-check-writer-check-printer-accounting-tool-for-printing-cheques-and-vouchers-c5/,0,779081,1500,1500,,instock,67,,0,,https://reseller.com.ph/wp-content/uploads/2021/06/Smart-Check-Writer_main-image.jpg|https://reseller.com.ph/wp-content/uploads/2021/06/Smart-Check-Writer_sub-image_1.jpg|https://reseller.com.ph/wp-content/uploads/2021/06/Smart-Check-Writer_sub-image_2.jpg|https://reseller.com.ph/wp-content/uploads/2021/06/Smart-Check-Writer_sub-image_3.png|https://reseller.com.ph/wp-content/uploads/2021/06/Smart-Check-Writer_sub-image_4.jpg,Smart Check Writer_main image|Smart Check Writer_sub image_1|Smart Check Writer_sub image_2|Smart Check Writer_sub image_3|Smart Check Writer_sub image_4,||||,||||,||||,https://reseller.com.ph/wp-content/uploads/2021/06/Smart-Check-Writer_main-image.jpg,,,simple,,5 Software,,,publish,1,reselleradmin,admin@reseller.com.ph,,,smart-check-writer-check-printer-accounting-tool-for-printing-cheques-and-vouchers-c5,,,0,0,open,closed,6/29/2021,no,no,,no,0.1,1,1,1,,,no,yes,,,,,'-1,'-1,,,no,taxable,standard,"16,117,161,181,611,900,000",,,3.9.2,,,0,0,6393176903
16126,Smart Check Writer - Check Printer Accounting Tool for Printing Cheques and Vouchers C6,"Smart Check Writer is designed to <strong>easily prepare</strong> and <strong>minimize errors</strong> in issuing checks. It has a feature that automatically converts <strong>Amount in Figures into Words</strong>. Users can automatically generate <strong>check vouchers</strong> while preparing checks. It also includes accounting features like <strong>generating reports</strong> of issued checks based on the transaction type you specified.

<strong>--- FEATURES AND FUNCTIONS ---</strong>
⚡ Easy to use
⚡ Converts Amount in Figures into Words
⚡ Generates Check Voucher Automatically
⚡ Check Layout Designer
⚡ Track Expense – Accounting
⚡ Generates Many Reports
⚡ Compatible with All Banks
⚡ Supports Multiple Currencies
⚡ Supports All Kinds of Printers
⚡ Smart Check Writer uses SQL Data for data security and stability

<strong>--- BENEFITS ---</strong>
✔ Avoids Hand Writing Mistake
✔ Track your Transactions
✔ Recording Expenses in Real Time
✔ Very Low Price - Sponsored Version
✔ Comply PCHC &amp; BSP
✔ Applicable for Industry / Business

For more information, please visit the following links from our website:
• About our software ➤ https://smartoffice.com.ph/product/smart-checker
• User Guide ➤ https://smartoffice.com.ph/user-guide
• Videos ➤ https://smartoffice.com.ph/product-videos
• FAQ ➤ https://smartoffice.com.ph/faq-2

<strong>--- COMMON FAQs ---</strong>
Q: What printer is compatible?
A: Any printer will work. But check first if your printer can print Bank Check size (3in x 7in)

Q: Does this software work on Mac or Linux?
A: NO. This only works on Windows 7 &amp; Windows 10

Q: What is your License Policy?
A: 1 license per 1 computer. It cannot be transferred to another computer. If you want to activate another computer, buy another license.",,6/29/2021,product,https://reseller.com.ph/product/smart-check-writer-check-printer-accounting-tool-for-printing-cheques-and-vouchers-c6/,0,779081,1500,1500,,instock,67,,0,,https://reseller.com.ph/wp-content/uploads/2021/06/Smart-Check-Writer_main-image.jpg|https://reseller.com.ph/wp-content/uploads/2021/06/Smart-Check-Writer_sub-image_1.jpg|https://reseller.com.ph/wp-content/uploads/2021/06/Smart-Check-Writer_sub-image_2.jpg|https://reseller.com.ph/wp-content/uploads/2021/06/Smart-Check-Writer_sub-image_3.png|https://reseller.com.ph/wp-content/uploads/2021/06/Smart-Check-Writer_sub-image_4.jpg,Smart Check Writer_main image|Smart Check Writer_sub image_1|Smart Check Writer_sub image_2|Smart Check Writer_sub image_3|Smart Check Writer_sub image_4,||||,||||,||||,https://reseller.com.ph/wp-content/uploads/2021/06/Smart-Check-Writer_main-image.jpg,,,simple,,5 Software,,,publish,1,reselleradmin,admin@reseller.com.ph,,,smart-check-writer-check-printer-accounting-tool-for-printing-cheques-and-vouchers-c6,,,0,0,open,closed,6/29/2021,no,no,,no,0.1,1,1,1,,,no,yes,,,,,'-1,'-1,,,no,taxable,standard,"16,117,161,181,611,900,000",,,3.9.2,,,0,0,11214881627
16127,Smart Check Writer - Check Printer Accounting Tool for Printing Cheques and Vouchers C7,"Smart Check Writer is designed to <strong>easily prepare</strong> and <strong>minimize errors</strong> in issuing checks. It has a feature that automatically converts <strong>Amount in Figures into Words</strong>. Users can automatically generate <strong>check vouchers</strong> while preparing checks. It also includes accounting features like <strong>generating reports</strong> of issued checks based on the transaction type you specified.

<strong>--- FEATURES AND FUNCTIONS ---</strong>
⚡ Easy to use
⚡ Converts Amount in Figures into Words
⚡ Generates Check Voucher Automatically
⚡ Check Layout Designer
⚡ Track Expense – Accounting
⚡ Generates Many Reports
⚡ Compatible with All Banks
⚡ Supports Multiple Currencies
⚡ Supports All Kinds of Printers
⚡ Smart Check Writer uses SQL Data for data security and stability

<strong>--- BENEFITS ---</strong>
✔ Avoids Hand Writing Mistake
✔ Track your Transactions
✔ Recording Expenses in Real Time
✔ Very Low Price - Sponsored Version
✔ Comply PCHC &amp; BSP
✔ Applicable for Industry / Business

For more information, please visit the following links from our website:
• About our software ➤ https://smartoffice.com.ph/product/smart-checker
• User Guide ➤ https://smartoffice.com.ph/user-guide
• Videos ➤ https://smartoffice.com.ph/product-videos
• FAQ ➤ https://smartoffice.com.ph/faq-2

<strong>--- COMMON FAQs ---</strong>
Q: What printer is compatible?
A: Any printer will work. But check first if your printer can print Bank Check size (3in x 7in)

Q: Does this software work on Mac or Linux?
A: NO. This only works on Windows 7 &amp; Windows 10

Q: What is your License Policy?
A: 1 license per 1 computer. It cannot be transferred to another computer. If you want to activate another computer, buy another license.",,6/29/2021,product,https://reseller.com.ph/product/smart-check-writer-check-printer-accounting-tool-for-printing-cheques-and-vouchers-c7/,0,779081,1500,1500,,instock,67,,0,,https://reseller.com.ph/wp-content/uploads/2021/06/Smart-Check-Writer_main-image.jpg|https://reseller.com.ph/wp-content/uploads/2021/06/Smart-Check-Writer_sub-image_1.jpg|https://reseller.com.ph/wp-content/uploads/2021/06/Smart-Check-Writer_sub-image_2.jpg|https://reseller.com.ph/wp-content/uploads/2021/06/Smart-Check-Writer_sub-image_3.png|https://reseller.com.ph/wp-content/uploads/2021/06/Smart-Check-Writer_sub-image_4.jpg,Smart Check Writer_main image|Smart Check Writer_sub image_1|Smart Check Writer_sub image_2|Smart Check Writer_sub image_3|Smart Check Writer_sub image_4,||||,||||,||||,https://reseller.com.ph/wp-content/uploads/2021/06/Smart-Check-Writer_main-image.jpg,,,simple,,5 Software,,,publish,1,reselleradmin,admin@reseller.com.ph,,,smart-check-writer-check-printer-accounting-tool-for-printing-cheques-and-vouchers-c7,,,0,0,open,closed,6/29/2021,no,no,,no,0.1,1,1,1,,,no,yes,,,,,'-1,'-1,,,no,taxable,standard,"16,117,161,181,611,900,000",,,3.9.2,,,0,0,4593178874
16128,Smart Check Writer - Check Printer Accounting Tool for Printing Cheques and Vouchers C8,"Smart Check Writer is designed to <strong>easily prepare</strong> and <strong>minimize errors</strong> in issuing checks. It has a feature that automatically converts <strong>Amount in Figures into Words</strong>. Users can automatically generate <strong>check vouchers</strong> while preparing checks. It also includes accounting features like <strong>generating reports</strong> of issued checks based on the transaction type you specified.

<strong>--- FEATURES AND FUNCTIONS ---</strong>
⚡ Easy to use
⚡ Converts Amount in Figures into Words
⚡ Generates Check Voucher Automatically
⚡ Check Layout Designer
⚡ Track Expense – Accounting
⚡ Generates Many Reports
⚡ Compatible with All Banks
⚡ Supports Multiple Currencies
⚡ Supports All Kinds of Printers
⚡ Smart Check Writer uses SQL Data for data security and stability

<strong>--- BENEFITS ---</strong>
✔ Avoids Hand Writing Mistake
✔ Track your Transactions
✔ Recording Expenses in Real Time
✔ Very Low Price - Sponsored Version
✔ Comply PCHC &amp; BSP
✔ Applicable for Industry / Business

For more information, please visit the following links from our website:
• About our software ➤ https://smartoffice.com.ph/product/smart-checker
• User Guide ➤ https://smartoffice.com.ph/user-guide
• Videos ➤ https://smartoffice.com.ph/product-videos
• FAQ ➤ https://smartoffice.com.ph/faq-2

<strong>--- COMMON FAQs ---</strong>
Q: What printer is compatible?
A: Any printer will work. But check first if your printer can print Bank Check size (3in x 7in)

Q: Does this software work on Mac or Linux?
A: NO. This only works on Windows 7 &amp; Windows 10

Q: What is your License Policy?
A: 1 license per 1 computer. It cannot be transferred to another computer. If you want to activate another computer, buy another license.",,6/29/2021,product,https://reseller.com.ph/product/smart-check-writer-check-printer-accounting-tool-for-printing-cheques-and-vouchers-c8/,0,779081,1500,1500,,instock,67,,0,,https://reseller.com.ph/wp-content/uploads/2021/06/Smart-Check-Writer_main-image.jpg|https://reseller.com.ph/wp-content/uploads/2021/06/Smart-Check-Writer_sub-image_1.jpg|https://reseller.com.ph/wp-content/uploads/2021/06/Smart-Check-Writer_sub-image_2.jpg|https://reseller.com.ph/wp-content/uploads/2021/06/Smart-Check-Writer_sub-image_3.png|https://reseller.com.ph/wp-content/uploads/2021/06/Smart-Check-Writer_sub-image_4.jpg,Smart Check Writer_main image|Smart Check Writer_sub image_1|Smart Check Writer_sub image_2|Smart Check Writer_sub image_3|Smart Check Writer_sub image_4,||||,||||,||||,https://reseller.com.ph/wp-content/uploads/2021/06/Smart-Check-Writer_main-image.jpg,,,simple,,5 Software,,,publish,1,reselleradmin,admin@reseller.com.ph,,,smart-check-writer-check-printer-accounting-tool-for-printing-cheques-and-vouchers-c8,,,0,0,open,closed,6/29/2021,no,no,,no,0.1,1,1,1,,,no,yes,,,,,'-1,'-1,,,no,taxable,standard,"16,117,161,181,611,900,000",,,3.9.2,,,0,0,8072517887
16129,Smart Check Writer - Check Printer Accounting Tool for Printing Cheques and Vouchers C9,"Smart Check Writer is designed to <strong>easily prepare</strong> and <strong>minimize errors</strong> in issuing checks. It has a feature that automatically converts <strong>Amount in Figures into Words</strong>. Users can automatically generate <strong>check vouchers</strong> while preparing checks. It also includes accounting features like <strong>generating reports</strong> of issued checks based on the transaction type you specified.

<strong>--- FEATURES AND FUNCTIONS ---</strong>
⚡ Easy to use
⚡ Converts Amount in Figures into Words
⚡ Generates Check Voucher Automatically
⚡ Check Layout Designer
⚡ Track Expense – Accounting
⚡ Generates Many Reports
⚡ Compatible with All Banks
⚡ Supports Multiple Currencies
⚡ Supports All Kinds of Printers
⚡ Smart Check Writer uses SQL Data for data security and stability

<strong>--- BENEFITS ---</strong>
✔ Avoids Hand Writing Mistake
✔ Track your Transactions
✔ Recording Expenses in Real Time
✔ Very Low Price - Sponsored Version
✔ Comply PCHC &amp; BSP
✔ Applicable for Industry / Business

For more information, please visit the following links from our website:
• About our software ➤ https://smartoffice.com.ph/product/smart-checker
• User Guide ➤ https://smartoffice.com.ph/user-guide
• Videos ➤ https://smartoffice.com.ph/product-videos
• FAQ ➤ https://smartoffice.com.ph/faq-2

<strong>--- COMMON FAQs ---</strong>
Q: What printer is compatible?
A: Any printer will work. But check first if your printer can print Bank Check size (3in x 7in)

Q: Does this software work on Mac or Linux?
A: NO. This only works on Windows 7 &amp; Windows 10

Q: What is your License Policy?
A: 1 license per 1 computer. It cannot be transferred to another computer. If you want to activate another computer, buy another license.",,6/29/2021,product,https://reseller.com.ph/product/smart-check-writer-check-printer-accounting-tool-for-printing-cheques-and-vouchers-c9/,0,779081,1500,1500,,instock,67,,0,,https://reseller.com.ph/wp-content/uploads/2021/06/Smart-Check-Writer_main-image.jpg|https://reseller.com.ph/wp-content/uploads/2021/06/Smart-Check-Writer_sub-image_1.jpg|https://reseller.com.ph/wp-content/uploads/2021/06/Smart-Check-Writer_sub-image_2.jpg|https://reseller.com.ph/wp-content/uploads/2021/06/Smart-Check-Writer_sub-image_3.png|https://reseller.com.ph/wp-content/uploads/2021/06/Smart-Check-Writer_sub-image_4.jpg,Smart Check Writer_main image|Smart Check Writer_sub image_1|Smart Check Writer_sub image_2|Smart Check Writer_sub image_3|Smart Check Writer_sub image_4,||||,||||,||||,https://reseller.com.ph/wp-content/uploads/2021/06/Smart-Check-Writer_main-image.jpg,,,simple,,5 Software,,,publish,1,reselleradmin,admin@reseller.com.ph,,,smart-check-writer-check-printer-accounting-tool-for-printing-cheques-and-vouchers-c9,,,0,0,open,closed,6/29/2021,no,no,,no,0.1,1,1,1,,,no,yes,,,,,'-1,'-1,,,no,taxable,standard,"16,117,161,181,611,900,000",,,3.9.2,,,0,0,5193178372
16130,Smart Check Writer - Check Printer Accounting Tool for Printing Cheques and Vouchers C10,"Smart Check Writer is designed to <strong>easily prepare</strong> and <strong>minimize errors</strong> in issuing checks. It has a feature that automatically converts <strong>Amount in Figures into Words</strong>. Users can automatically generate <strong>check vouchers</strong> while preparing checks. It also includes accounting features like <strong>generating reports</strong> of issued checks based on the transaction type you specified.

<strong>--- FEATURES AND FUNCTIONS ---</strong>
⚡ Easy to use
⚡ Converts Amount in Figures into Words
⚡ Generates Check Voucher Automatically
⚡ Check Layout Designer
⚡ Track Expense – Accounting
⚡ Generates Many Reports
⚡ Compatible with All Banks
⚡ Supports Multiple Currencies
⚡ Supports All Kinds of Printers
⚡ Smart Check Writer uses SQL Data for data security and stability

<strong>--- BENEFITS ---</strong>
✔ Avoids Hand Writing Mistake
✔ Track your Transactions
✔ Recording Expenses in Real Time
✔ Very Low Price - Sponsored Version
✔ Comply PCHC &amp; BSP
✔ Applicable for Industry / Business

For more information, please visit the following links from our website:
• About our software ➤ https://smartoffice.com.ph/product/smart-checker
• User Guide ➤ https://smartoffice.com.ph/user-guide
• Videos ➤ https://smartoffice.com.ph/product-videos
• FAQ ➤ https://smartoffice.com.ph/faq-2

<strong>--- COMMON FAQs ---</strong>
Q: What printer is compatible?
A: Any printer will work. But check first if your printer can print Bank Check size (3in x 7in)

Q: Does this software work on Mac or Linux?
A: NO. This only works on Windows 7 &amp; Windows 10

Q: What is your License Policy?
A: 1 license per 1 computer. It cannot be transferred to another computer. If you want to activate another computer, buy another license.",,6/29/2021,product,https://reseller.com.ph/product/smart-check-writer-check-printer-accounting-tool-for-printing-cheques-and-vouchers-c10/,0,779081,1500,1500,,instock,67,,0,,https://reseller.com.ph/wp-content/uploads/2021/06/Smart-Check-Writer_main-image.jpg|https://reseller.com.ph/wp-content/uploads/2021/06/Smart-Check-Writer_sub-image_1.jpg|https://reseller.com.ph/wp-content/uploads/2021/06/Smart-Check-Writer_sub-image_2.jpg|https://reseller.com.ph/wp-content/uploads/2021/06/Smart-Check-Writer_sub-image_3.png|https://reseller.com.ph/wp-content/uploads/2021/06/Smart-Check-Writer_sub-image_4.jpg,Smart Check Writer_main image|Smart Check Writer_sub image_1|Smart Check Writer_sub image_2|Smart Check Writer_sub image_3|Smart Check Writer_sub image_4,||||,||||,||||,https://reseller.com.ph/wp-content/uploads/2021/06/Smart-Check-Writer_main-image.jpg,,,simple,,5 Software,,,publish,1,reselleradmin,admin@reseller.com.ph,,,smart-check-writer-check-printer-accounting-tool-for-printing-cheques-and-vouchers-c10,,,0,0,open,closed,6/29/2021,no,no,,no,0.1,1,1,1,,,no,yes,,,,,'-1,'-1,,,no,taxable,standard,"16,117,161,181,611,900,000",,,3.9.2,,,0,0,11414881781
